Club,Numero_Jugadores,Edad_Promedio,Salario_Promedio,Valoracion_General_Promedio,Potencial_Promedio,Valor_Total_Plantilla,Num_Jugadores_Top,Tier_Club
 SSV Jahn Regensburg,29,25.655172413793103,4241.379310344828,65.58620689655173,69.3103448275862,23095000,0,Tier 2 (Competitivo)
1. FC Heidenheim 1846,28,24.0,4464.285714285715,65.75,71.92857142857143,27490000,0,Tier 2 (Competitivo)
1. FC Kaiserslautern,26,23.846153846153847,1692.3076923076924,63.38461538461539,69.88461538461539,16195000,0,Tier 2 (Competitivo)
1. FC Köln,28,24.321428571428573,13285.714285714286,70.78571428571429,76.57142857142857,135910000,0,Tier 2 (Competitivo)
1. FC Magdeburg,26,24.692307692307693,4884.615384615385,65.61538461538461,70.34615384615384,20525000,0,Tier 2 (Competitivo)
1. FC Nürnberg,29,23.79310344827586,10655.172413793103,68.82758620689656,74.93103448275862,77640000,0,Tier 3 (Formador)
1. FC Union Berlin,28,25.25,13642.857142857143,68.32142857142857,73.35714285714286,49485000,0,Tier 2 (Competitivo)
1. FSV Mainz 05,32,23.6875,15562.5,70.84375,77.28125,138354999,0,Tier 3 (Formador)
?l?sk Wroc?aw,24,26.166666666666668,2083.3333333333335,62.208333333333336,65.29166666666667,9170000,0,Tier 2 (Competitivo)
AC Ajaccio,23,27.043478260869566,3000.0,65.04347826086956,69.78260869565217,18530000,0,Tier 2 (Competitivo)
AC Horsens,25,25.0,2200.0,60.64,65.8,8420000,0,Tier 2 (Competitivo)
AD Alcorcón,29,26.896551724137932,4310.3448275862065,67.41379310344827,70.58620689655173,27925000,0,Tier 2 (Competitivo)
ADO Den Haag,28,24.678571428571427,4821.428571428572,66.67857142857143,71.21428571428571,39180000,0,Tier 2 (Competitivo)
AEK Athens,28,24.535714285714285,1000.0,70.21428571428571,75.25,91449999,0,Tier 2 (Competitivo)
AFC Wimbledon,26,23.615384615384617,1961.5384615384614,60.46153846153846,67.11538461538461,9160000,0,Tier 2 (Competitivo)
AIK,27,26.074074074074073,3703.703703703704,65.07407407407408,69.62962962962963,32935000,0,Tier 2 (Competitivo)
AJ Auxerre,27,25.185185185185187,3296.296296296296,66.29629629629629,72.48148148148148,30520000,0,Tier 2 (Competitivo)
AS Béziers,25,25.92,1240.0,62.04,65.72,8895000,0,Tier 2 (Competitivo)
AS Monaco,33,23.060606060606062,37909.09090909091,72.93939393939394,80.93939393939394,244774999,0,Tier 3 (Formador)
AS Nancy Lorraine,30,24.933333333333334,2566.6666666666665,64.66666666666667,70.46666666666667,19545000,0,Tier 2 (Competitivo)
AS Saint-Étienne,24,25.416666666666668,19958.333333333332,70.875,74.66666666666667,116940000,0,Tier 2 (Competitivo)
AZ Alkmaar,30,23.066666666666666,7866.666666666667,70.0,76.5,90950000,0,Tier 3 (Formador)
Aalborg BK,27,23.37037037037037,3925.925925925926,62.03703703703704,69.96296296296296,23815000,0,Tier 2 (Competitivo)
Aarhus GF,27,23.77777777777778,3111.1111111111113,61.407407407407405,67.62962962962963,13620000,0,Tier 2 (Competitivo)
Aberdeen,27,24.14814814814815,4518.518518518518,64.33333333333333,71.77777777777777,27355000,0,Tier 2 (Competitivo)
Accrington Stanley,28,24.821428571428573,2392.8571428571427,61.17857142857143,66.75,10350000,0,Tier 2 (Competitivo)
Adelaide United,25,24.36,1480.0,61.4,67.6,12400000,0,Tier 2 (Competitivo)
Ajax,30,22.3,11833.333333333334,73.63333333333334,80.2,252850000,0,Tier 3 (Formador)
Akhisar Belediyespor,26,29.26923076923077,9076.923076923076,69.11538461538461,70.3076923076923,44740000,0,Tier 2 (Competitivo)
Al Ahli,30,25.933333333333334,15166.666666666666,65.7,70.33333333333333,63915000,0,Tier 2 (Competitivo)
Al Batin,30,25.1,3566.6666666666665,59.833333333333336,64.9,12835000,0,Tier 2 (Competitivo)
Al Faisaly,30,26.433333333333334,6133.333333333333,62.9,66.3,15495000,0,Tier 2 (Competitivo)
Al Fateh,28,24.892857142857142,5571.428571428572,61.0,65.64285714285714,12700000,0,Tier 2 (Competitivo)
Al Fayha,28,26.285714285714285,5714.285714285715,63.607142857142854,67.25,18655000,0,Tier 2 (Competitivo)
Al Hazem,30,25.533333333333335,3166.6666666666665,61.56666666666667,64.76666666666667,13715000,0,Tier 2 (Competitivo)
Al Hilal,30,26.733333333333334,18066.666666666668,68.63333333333334,71.7,90290000,0,Tier 2 (Competitivo)
Al Ittihad,30,25.333333333333332,12366.666666666666,66.2,70.8,41530000,0,Tier 2 (Competitivo)
Al Nassr,28,26.321428571428573,14857.142857142857,65.64285714285714,69.53571428571429,66575000,0,Tier 2 (Competitivo)
Al Qadisiyah,30,24.9,4966.666666666667,62.63333333333333,67.56666666666666,18865000,0,Tier 2 (Competitivo)
Al Raed,29,25.517241379310345,5034.482758620689,61.793103448275865,65.62068965517241,15070000,0,Tier 2 (Competitivo)
Al Shabab,30,24.3,8300.0,63.233333333333334,69.13333333333334,25155000,0,Tier 2 (Competitivo)
Al Taawoun,29,26.17241379310345,5413.793103448276,62.3448275862069,66.37931034482759,19840000,0,Tier 2 (Competitivo)
Al Wehda,29,24.862068965517242,9068.965517241379,64.75862068965517,69.51724137931035,50705000,0,Tier 2 (Competitivo)
Alanyaspor,30,27.2,7400.0,68.0,71.53333333333333,58675000,0,Tier 2 (Competitivo)
Albacete BP,29,24.655172413793103,6068.9655172413795,66.10344827586206,72.51724137931035,28330000,0,Tier 2 (Competitivo)
Alianza Petrolera,28,25.071428571428573,1071.4285714285713,63.785714285714285,68.35714285714286,16250000,0,Tier 2 (Competitivo)
Amiens SC,29,24.310344827586206,9620.689655172413,69.10344827586206,74.41379310344827,94249999,0,Tier 2 (Competitivo)
América FC (Minas Gerais),20,28.6,9600.0,70.15,70.15,45800000,0,Tier 2 (Competitivo)
América de Cali,28,26.571428571428573,1964.2857142857142,64.46428571428571,68.92857142857143,22240000,0,Tier 2 (Competitivo)
Angers SCO,30,25.933333333333334,12600.0,70.0,73.93333333333334,89274999,0,Tier 2 (Competitivo)
Antalyaspor,30,26.8,7633.333333333333,67.33333333333333,70.8,45615000,0,Tier 2 (Competitivo)
Argentinos Juniors,28,23.75,4071.4285714285716,64.64285714285714,72.10714285714286,27720000,0,Tier 2 (Competitivo)
Arka Gdynia,27,25.444444444444443,1518.5185185185185,62.111111111111114,66.4074074074074,12360000,0,Tier 2 (Competitivo)
Arsenal,33,24.606060606060606,78424.24242424243,75.18181818181819,81.39393939393939,435990000,2,Tier 1 (Élite)
Ascoli,30,24.833333333333332,1933.3333333333333,64.63333333333334,70.1,22490000,0,Tier 2 (Competitivo)
Aston Villa,30,25.366666666666667,15533.333333333334,68.53333333333333,74.06666666666666,90865000,0,Tier 2 (Competitivo)
Atalanta,24,24.541666666666668,21041.666666666668,72.58333333333333,78.45833333333333,161405000,0,Tier 2 (Competitivo)
Athletic Club de Bilbao,31,24.774193548387096,17483.870967741936,73.80645161290323,79.35483870967742,235880000,0,Tier 2 (Competitivo)
Atiker Konyaspor,27,27.14814814814815,9629.62962962963,69.70370370370371,72.14814814814815,57450000,0,Tier 2 (Competitivo)
Atlanta United,29,24.79310344827586,3620.689655172414,66.65517241379311,72.75862068965517,89454999,0,Tier 2 (Competitivo)
Atlético Bucaramanga,28,26.428571428571427,1285.7142857142858,64.17857142857143,68.75,21890000,0,Tier 2 (Competitivo)
Atlético Huila,28,23.785714285714285,1107.142857142857,61.107142857142854,69.42857142857143,15765000,0,Tier 2 (Competitivo)
Atlético Madrid,33,23.757575757575758,46454.545454545456,75.06060606060606,82.45454545454545,644525000,3,Tier 3 (Formador)
Atlético Mineiro,20,28.8,25850.0,73.45,73.45,102075000,0,Tier 2 (Competitivo)
Atlético Nacional,28,24.535714285714285,3142.8571428571427,66.39285714285714,73.78571428571429,52565000,0,Tier 2 (Competitivo)
Atlético Paranaense,20,30.4,8100.0,69.6,69.6,33740000,0,Tier 2 (Competitivo)
Atlético Tucumán,28,27.785714285714285,5714.285714285715,67.53571428571429,71.42857142857143,33850000,0,Tier 2 (Competitivo)
Audax Italiano,28,23.785714285714285,1500.0,63.857142857142854,70.53571428571429,18390000,0,Tier 2 (Competitivo)
BB Erzurumspor,25,27.2,5480.0,65.08,67.2,27200000,0,Tier 2 (Competitivo)
BK Häcken,27,25.444444444444443,1555.5555555555557,62.111111111111114,67.74074074074075,13995000,0,Tier 2 (Competitivo)
BSC Young Boys,24,24.083333333333332,8875.0,66.70833333333333,74.41666666666667,51300000,0,Tier 3 (Formador)
Bahia,20,30.0,7850.0,70.1,70.1,39465000,0,Tier 2 (Competitivo)
Barnsley,28,22.107142857142858,3250.0,61.82142857142857,70.96428571428571,17105000,0,Tier 2 (Competitivo)
Bayer 04 Leverkusen,26,24.346153846153847,44653.846153846156,75.8076923076923,81.0,317685000,0,Tier 1 (Élite)
Be?ikta? JK,28,26.464285714285715,34821.42857142857,72.57142857142857,77.03571428571429,172950000,0,Tier 1 (Élite)
Beijing Renhe FC,28,27.214285714285715,4214.285714285715,60.785714285714285,63.42857142857143,30745000,0,Tier 2 (Competitivo)
Beijing Sinobo Guoan FC,28,26.214285714285715,7785.714285714285,64.85714285714286,68.14285714285714,85680000,0,Tier 2 (Competitivo)
Belgrano de Córdoba,27,24.925925925925927,4740.740740740741,65.18518518518519,71.48148148148148,30080000,0,Tier 2 (Competitivo)
Benevento,25,26.88,5560.0,68.44,72.16,39085000,0,Tier 2 (Competitivo)
Birmingham City,30,25.2,10166.666666666666,66.93333333333334,71.93333333333334,37655000,0,Tier 2 (Competitivo)
Blackburn Rovers,30,23.766666666666666,12133.333333333334,65.36666666666666,72.06666666666666,35745000,0,Tier 2 (Competitivo)
Blackpool,28,24.678571428571427,2714.285714285714,61.392857142857146,67.07142857142857,11730000,0,Tier 2 (Competitivo)
Boavista FC,27,26.25925925925926,4148.148148148148,68.51851851851852,71.77777777777777,40740000,0,Tier 2 (Competitivo)
Boca Juniors,27,25.814814814814813,18296.296296296296,73.4074074074074,78.14814814814815,163099999,0,Tier 2 (Competitivo)
Bohemian FC,25,21.48,1000.0,55.0,64.24,3195000,0,Tier 2 (Competitivo)
Bologna,27,25.703703703703702,23074.074074074073,73.37037037037037,78.22222222222223,141275000,0,Tier 2 (Competitivo)
Bolton Wanderers,30,27.466666666666665,5500.0,66.3,69.03333333333333,26535000,0,Tier 2 (Competitivo)
Borussia Dortmund,33,23.09090909090909,38121.21212121212,75.33333333333333,82.39393939393939,420245000,1,Tier 3 (Formador)
Borussia Mönchengladbach,30,24.233333333333334,20866.666666666668,73.2,79.56666666666666,253300000,0,Tier 2 (Competitivo)
Botafogo,20,30.4,14000.0,71.3,71.3,51000000,0,Tier 2 (Competitivo)
Bournemouth,32,24.375,32375.0,69.875,75.9375,152474999,0,Tier 2 (Competitivo)
Boyacá Chicó FC,26,24.884615384615383,1000.0,59.84615384615385,65.1923076923077,7800000,0,Tier 2 (Competitivo)
Bradford City,28,24.964285714285715,3250.0,62.357142857142854,67.5,12265000,0,Tier 2 (Competitivo)
Bray Wanderers,23,22.217391304347824,1000.0,53.65217391304348,62.608695652173914,1930000,0,Tier 2 (Competitivo)
Brentford,30,22.533333333333335,13766.666666666666,66.06666666666666,73.53333333333333,50105000,0,Tier 2 (Competitivo)
Brescia,29,23.724137931034484,2310.344827586207,65.93103448275862,71.89655172413794,29835000,0,Tier 2 (Competitivo)
Brighton & Hove Albion,32,25.25,28281.25,70.9375,76.375,155664999,0,Tier 2 (Competitivo)
Brisbane Roar,23,26.695652173913043,2173.913043478261,63.52173913043478,67.65217391304348,15255000,0,Tier 2 (Competitivo)
Bristol City,30,24.3,16033.333333333334,66.73333333333333,72.9,47725000,0,Tier 2 (Competitivo)
Bristol Rovers,28,25.142857142857142,2250.0,61.25,64.67857142857143,9435000,0,Tier 2 (Competitivo)
Brøndby IF,27,24.40740740740741,9407.407407407407,65.22222222222223,70.70370370370371,37960000,0,Tier 2 (Competitivo)
Burnley,33,25.757575757575758,34090.90909090909,70.75757575757575,74.39393939393939,185355000,0,Tier 1 (Élite)
Bursaspor,30,24.333333333333332,9533.333333333334,67.63333333333334,73.6,57119999,0,Tier 2 (Competitivo)
Burton Albion,28,25.178571428571427,3535.714285714286,61.67857142857143,68.14285714285714,13205000,0,Tier 2 (Competitivo)
Bury,28,25.642857142857142,2785.714285714286,61.57142857142857,65.82142857142857,9430000,0,Tier 2 (Competitivo)
CA Osasuna,25,26.2,5520.0,68.48,72.72,42875000,0,Tier 2 (Competitivo)
CD Antofagasta,27,25.703703703703702,1518.5185185185185,63.96296296296296,69.25925925925925,15830000,0,Tier 2 (Competitivo)
CD Aves,28,26.964285714285715,5500.0,68.46428571428571,71.35714285714286,36860000,0,Tier 2 (Competitivo)
CD Everton de Viña del Mar,27,24.11111111111111,2481.4814814814813,63.666666666666664,69.55555555555556,24010000,0,Tier 2 (Competitivo)
CD Feirense,26,26.576923076923077,5538.461538461538,68.5,71.3076923076923,42055000,0,Tier 2 (Competitivo)
CD Huachipato,27,22.85185185185185,1740.7407407407406,61.333333333333336,69.4074074074074,18090000,0,Tier 2 (Competitivo)
CD Leganés,33,25.21212121212121,18303.030303030304,71.36363636363636,75.78787878787878,139299999,0,Tier 2 (Competitivo)
CD Lugo,30,24.866666666666667,3900.0,66.93333333333334,72.16666666666667,35460000,0,Tier 2 (Competitivo)
CD Nacional,26,24.653846153846153,5038.461538461538,68.3076923076923,72.61538461538461,38575000,0,Tier 2 (Competitivo)
CD Numancia,28,25.5,5000.0,67.42857142857143,71.25,38065000,0,Tier 2 (Competitivo)
CD O'Higgins,28,24.392857142857142,2214.285714285714,63.642857142857146,70.71428571428571,16125000,0,Tier 2 (Competitivo)
CD Palestino,27,25.703703703703702,2185.185185185185,65.37037037037037,70.48148148148148,20820000,0,Tier 2 (Competitivo)
CD Tenerife,30,25.233333333333334,4233.333333333333,67.3,73.3,40559999,0,Tier 2 (Competitivo)
CD Tondela,25,25.2,2600.0,67.44,72.08,32875000,0,Tier 2 (Competitivo)
CD Universidad de Concepción,27,27.51851851851852,2555.5555555555557,66.48148148148148,69.62962962962963,24505000,0,Tier 2 (Competitivo)
CF Rayo Majadahonda,26,26.03846153846154,3500.0,66.23076923076923,71.5,21125000,0,Tier 2 (Competitivo)
CF Reus Deportiu,28,23.821428571428573,2785.714285714286,65.21428571428571,71.21428571428571,23975000,0,Tier 2 (Competitivo)
Cagliari,24,28.416666666666668,23541.666666666668,73.375,75.75,111349999,0,Tier 2 (Competitivo)
Cambridge United,28,24.535714285714285,1892.857142857143,56.92857142857143,63.142857142857146,4845000,0,Tier 2 (Competitivo)
Cardiff City,33,26.151515151515152,22939.39393939394,68.18181818181819,71.87878787878788,87595000,0,Tier 2 (Competitivo)
Carlisle United,24,24.833333333333332,2083.3333333333335,58.75,63.416666666666664,5185000,0,Tier 2 (Competitivo)
Carpi,30,24.266666666666666,3066.6666666666665,63.666666666666664,68.6,25890000,0,Tier 2 (Competitivo)
Ceará Sporting Club,20,30.2,8900.0,67.7,67.7,22075000,0,Tier 2 (Competitivo)
Celtic,28,25.678571428571427,28607.14285714286,71.67857142857143,76.25,115390000,0,Tier 2 (Competitivo)
Central Coast Mariners,25,24.44,1920.0,61.24,66.6,13930000,0,Tier 2 (Competitivo)
Cerezo Osaka,30,27.333333333333332,2900.0,64.36666666666666,66.06666666666666,24165000,0,Tier 2 (Competitivo)
Chamois Niortais Football Club,28,22.285714285714285,1607.142857142857,63.0,70.21428571428571,16065000,0,Tier 2 (Competitivo)
Changchun Yatai FC,28,26.892857142857142,3642.8571428571427,61.5,64.82142857142857,29950000,0,Tier 2 (Competitivo)
Chapecoense,20,30.4,9200.0,69.75,69.75,29600000,0,Tier 2 (Competitivo)
Charlton Athletic,28,24.142857142857142,4428.571428571428,63.5,70.64285714285714,19340000,0,Tier 2 (Competitivo)
Chelsea,33,25.21212121212121,98454.54545454546,76.78787878787878,82.63636363636364,606815000,3,Tier 1 (Élite)
Cheltenham Town,24,25.5,2541.6666666666665,60.333333333333336,64.95833333333333,6390000,0,Tier 2 (Competitivo)
Chicago Fire,23,25.73913043478261,3217.391304347826,66.08695652173913,70.04347826086956,32845000,0,Tier 2 (Competitivo)
Chievo Verona,28,27.678571428571427,10642.857142857143,71.14285714285714,74.85714285714286,94140000,0,Tier 2 (Competitivo)
Chongqing Dangdai Lifan FC SWM Team,28,28.178571428571427,2750.0,60.857142857142854,63.392857142857146,25645000,0,Tier 2 (Competitivo)
Cittadella,29,24.344827586206897,1310.344827586207,64.86206896551724,70.86206896551724,19830000,0,Tier 2 (Competitivo)
Clermont Foot 63,25,24.12,2760.0,64.2,69.16,18100000,0,Tier 2 (Competitivo)
Club América,30,24.366666666666667,27733.333333333332,69.36666666666666,74.46666666666667,96880000,0,Tier 2 (Competitivo)
Club Atlas,29,23.344827586206897,7620.689655172414,65.20689655172414,72.79310344827586,41650000,0,Tier 2 (Competitivo)
Club Atlético Aldosivi,27,27.444444444444443,4259.259259259259,66.11111111111111,69.4074074074074,20965000,0,Tier 2 (Competitivo)
Club Atlético Banfield,27,23.51851851851852,5888.888888888889,66.62962962962963,74.96296296296296,43574999,0,Tier 3 (Formador)
Club Atlético Colón,28,25.464285714285715,6285.714285714285,67.78571428571429,73.53571428571429,61220000,0,Tier 2 (Competitivo)
Club Atlético Huracán,28,26.785714285714285,6821.428571428572,67.64285714285714,71.78571428571429,52500000,0,Tier 2 (Competitivo)
Club Atlético Lanús,28,24.428571428571427,7821.428571428572,68.03571428571429,73.82142857142857,52924999,0,Tier 2 (Competitivo)
Club Atlético Talleres,28,23.928571428571427,5035.714285714285,65.85714285714286,73.92857142857143,34795000,0,Tier 3 (Formador)
Club Atlético Tigre,28,28.071428571428573,6357.142857142857,67.10714285714286,70.5,32295000,0,Tier 2 (Competitivo)
Club Brugge KV,28,22.857142857142858,13321.42857142857,71.67857142857143,78.85714285714286,148225000,0,Tier 3 (Formador)
Club Deportes Temuco,28,26.392857142857142,1250.0,62.82142857142857,67.5,12530000,0,Tier 2 (Competitivo)
Club León,30,25.166666666666668,11600.0,66.6,71.76666666666667,50155000,0,Tier 2 (Competitivo)
Club Necaxa,30,24.866666666666667,5700.0,64.73333333333333,69.83333333333333,36810000,0,Tier 2 (Competitivo)
Club Tijuana,28,24.25,7750.0,65.32142857142857,71.64285714285714,45240000,0,Tier 2 (Competitivo)
Clube Sport Marítimo,23,25.956521739130434,6086.95652173913,70.04347826086956,72.6086956521739,52625000,0,Tier 2 (Competitivo)
Colchester United,28,22.428571428571427,2642.8571428571427,60.714285714285715,69.10714285714286,11395000,0,Tier 2 (Competitivo)
Colo-Colo,28,25.714285714285715,4321.428571428572,68.21428571428571,74.78571428571429,53585000,0,Tier 2 (Competitivo)
Colorado Rapids,23,25.869565217391305,3565.217391304348,66.26086956521739,70.30434782608695,22260000,0,Tier 2 (Competitivo)
Columbus Crew SC,26,25.807692307692307,3923.076923076923,68.15384615384616,71.76923076923077,51520000,0,Tier 2 (Competitivo)
Cork City,25,23.92,1000.0,58.36,64.52,5720000,0,Tier 2 (Competitivo)
Cosenza,30,25.233333333333334,3000.0,63.13333333333333,68.73333333333333,16930000,0,Tier 2 (Competitivo)
Coventry City,28,23.178571428571427,2035.7142857142858,61.785714285714285,69.25,12805000,0,Tier 2 (Competitivo)
Cracovia,27,24.77777777777778,1629.6296296296296,62.0,66.81481481481481,12110000,0,Tier 2 (Competitivo)
Crawley Town,24,25.916666666666668,1875.0,60.416666666666664,64.66666666666667,6760000,0,Tier 2 (Competitivo)
Crewe Alexandra,28,23.357142857142858,2285.714285714286,56.785714285714285,66.25,5410000,0,Tier 2 (Competitivo)
Crotone,24,24.416666666666668,2666.6666666666665,66.29166666666667,71.41666666666667,30360000,0,Tier 2 (Competitivo)
Cruz Azul,25,26.4,13160.0,69.76,73.24,68485000,0,Tier 2 (Competitivo)
Cruzeiro,20,30.6,19350.0,72.4,72.4,56525000,0,Tier 2 (Competitivo)
Crystal Palace,32,25.1875,31187.5,70.65625,75.90625,171474999,0,Tier 1 (Élite)
Curicó Unido,28,27.464285714285715,1428.5714285714287,62.535714285714285,66.10714285714286,10055000,0,Tier 2 (Competitivo)
Cádiz CF,30,25.933333333333334,4333.333333333333,67.1,71.1,36035000,0,Tier 2 (Competitivo)
Córdoba CF,26,25.0,3153.846153846154,65.73076923076923,71.38461538461539,22095000,0,Tier 2 (Competitivo)
DC United,28,25.857142857142858,3928.5714285714284,67.57142857142857,70.82142857142857,56190000,0,Tier 2 (Competitivo)
DSC Arminia Bielefeld,28,24.25,5250.0,66.67857142857143,72.21428571428571,31600000,0,Tier 2 (Competitivo)
Daegu FC,28,23.642857142857142,1500.0,61.142857142857146,67.96428571428571,16145000,0,Tier 2 (Competitivo)
Dalian YiFang FC,28,26.714285714285715,4000.0,60.357142857142854,63.214285714285715,63165000,0,Tier 2 (Competitivo)
Dalkurd FF,21,25.714285714285715,1047.6190476190477,59.76190476190476,63.666666666666664,5740000,0,Tier 2 (Competitivo)
De Graafschap,30,23.7,2233.3333333333335,63.8,68.9,17385000,0,Tier 2 (Competitivo)
Defensa y Justicia,28,24.642857142857142,6035.714285714285,67.5,73.25,44185000,0,Tier 2 (Competitivo)
Deportes Iquique,27,26.037037037037038,1296.2962962962963,63.592592592592595,68.5925925925926,14810000,0,Tier 2 (Competitivo)
Deportes Tolima,28,25.178571428571427,1785.7142857142858,65.78571428571429,71.0,30660000,0,Tier 2 (Competitivo)
Deportivo Alavés,27,24.703703703703702,17592.59259259259,73.5925925925926,77.81481481481481,180799999,0,Tier 2 (Competitivo)
Deportivo Cali,28,25.178571428571427,1785.7142857142858,67.96428571428571,74.53571428571429,51760000,0,Tier 2 (Competitivo)
Deportivo Pasto,28,26.321428571428573,1000.0,63.535714285714285,67.89285714285714,14815000,0,Tier 2 (Competitivo)
Deportivo Toluca,28,26.392857142857142,11750.0,67.28571428571429,71.53571428571429,50045000,0,Tier 2 (Competitivo)
Deportivo de La Coruña,30,26.0,8433.333333333334,70.7,75.1,89950000,0,Tier 2 (Competitivo)
Derby County,30,26.166666666666668,22100.0,69.23333333333333,73.96666666666667,65720000,0,Tier 2 (Competitivo)
Derry City,18,22.11111111111111,1055.5555555555557,55.77777777777778,65.88888888888889,2795000,0,Tier 2 (Competitivo)
Dijon FCO,26,26.076923076923077,8923.076923076924,70.34615384615384,74.53846153846153,82875000,0,Tier 2 (Competitivo)
Dinamo Zagreb,28,24.535714285714285,1000.0,70.17857142857143,74.39285714285714,79389999,0,Tier 2 (Competitivo)
Djurgårdens IF,25,25.0,2000.0,63.64,68.96,18615000,0,Tier 2 (Competitivo)
Doncaster Rovers,28,23.714285714285715,2428.5714285714284,61.57142857142857,68.10714285714286,11690000,0,Tier 2 (Competitivo)
Dundalk,23,25.0,1130.4347826086957,61.73913043478261,66.6086956521739,10620000,0,Tier 2 (Competitivo)
Dundee FC,25,24.88,2240.0,61.56,67.64,9845000,0,Tier 2 (Competitivo)
Dynamo Kyiv,28,23.642857142857142,1000.0,71.35714285714286,77.60714285714286,152215000,0,Tier 3 (Formador)
ESTAC Troyes,30,26.0,4266.666666666667,66.63333333333334,70.76666666666667,25170000,0,Tier 2 (Competitivo)
Eintracht Braunschweig,28,23.5,1750.0,62.642857142857146,69.67857142857143,15300000,0,Tier 2 (Competitivo)
Eintracht Frankfurt,33,25.0,23363.636363636364,73.24242424242425,77.87878787878788,218100000,0,Tier 1 (Élite)
Elche CF,26,26.46153846153846,2538.4615384615386,66.07692307692308,70.1923076923077,19460000,0,Tier 2 (Competitivo)
Empoli,33,25.060606060606062,8606.060606060606,68.33333333333333,74.36363636363636,74809999,0,Tier 2 (Competitivo)
En Avant de Guingamp,25,25.12,13720.0,71.28,76.16,94725000,0,Tier 2 (Competitivo)
Envigado FC,28,22.035714285714285,1000.0,61.285714285714285,71.46428571428571,14330000,0,Tier 2 (Competitivo)
Esbjerg fB,25,23.8,1840.0,60.04,67.48,8930000,0,Tier 2 (Competitivo)
Estudiantes de La Plata,28,25.464285714285715,6035.714285714285,66.53571428571429,72.42857142857143,38205000,0,Tier 2 (Competitivo)
Ettifaq FC,30,23.766666666666666,5933.333333333333,62.13333333333333,68.2,19385000,0,Tier 2 (Competitivo)
Everton,32,24.375,62781.25,74.5,80.03125,297610000,0,Tier 1 (Élite)
Excelsior,26,24.153846153846153,2653.846153846154,64.92307692307692,71.07692307692308,20715000,0,Tier 2 (Competitivo)
Exeter City,28,24.428571428571427,2357.1428571428573,59.964285714285715,65.67857142857143,8495000,0,Tier 2 (Competitivo)
Extremadura UD,30,26.2,3400.0,65.4,69.16666666666667,20240000,0,Tier 2 (Competitivo)
FC Admira Wacker Mödling,26,21.807692307692307,2307.6923076923076,62.19230769230769,70.26923076923077,12660000,0,Tier 2 (Competitivo)
FC Augsburg,31,24.612903225806452,13677.41935483871,70.06451612903226,75.48387096774194,119900000,0,Tier 2 (Competitivo)
FC Barcelona,33,23.848484848484848,146575.75757575757,78.06060606060606,85.3030303030303,852600000,9,Tier 3 (Formador)
FC Basel 1893,27,24.14814814814815,13518.518518518518,68.77777777777777,76.29629629629629,84260000,0,Tier 3 (Formador)
FC Bayern München,29,24.310344827586206,78827.58620689655,77.0,83.65517241379311,679025000,6,Tier 1 (Élite)
FC Carl Zeiss Jena,28,23.678571428571427,1250.0,61.57142857142857,67.17857142857143,11325000,0,Tier 2 (Competitivo)
FC Dallas,29,24.551724137931036,3379.310344827586,65.44827586206897,71.93103448275862,44765000,0,Tier 2 (Competitivo)
FC Emmen,30,24.2,1833.3333333333333,62.03333333333333,67.36666666666666,13810000,0,Tier 2 (Competitivo)
FC Energie Cottbus,28,25.142857142857142,1000.0,61.82142857142857,66.78571428571429,9870000,0,Tier 2 (Competitivo)
FC Erzgebirge Aue,29,24.586206896551722,2655.1724137931033,64.86206896551724,70.0,20630000,0,Tier 2 (Competitivo)
FC Girondins de Bordeaux,31,23.483870967741936,22193.548387096773,71.48387096774194,78.16129032258064,145854999,0,Tier 3 (Formador)
FC Groningen,26,21.423076923076923,2961.5384615384614,65.3076923076923,74.11538461538461,38064999,0,Tier 3 (Formador)
FC Hansa Rostock,25,24.56,2040.0,63.04,68.36,13475000,0,Tier 2 (Competitivo)
FC Ingolstadt 04,30,24.833333333333332,9866.666666666666,66.43333333333334,71.7,44485000,0,Tier 2 (Competitivo)
FC København,23,25.73913043478261,10173.91304347826,68.3913043478261,73.0,59225000,0,Tier 2 (Competitivo)
FC Lorient,30,24.233333333333334,2900.0,63.766666666666666,70.56666666666666,26695000,0,Tier 2 (Competitivo)
FC Lugano,27,24.88888888888889,2666.6666666666665,62.592592592592595,68.66666666666667,15950000,0,Tier 2 (Competitivo)
FC Luzern,27,23.814814814814813,3370.3703703703704,63.666666666666664,71.22222222222223,17365000,0,Tier 2 (Competitivo)
FC Metz,26,24.192307692307693,3923.076923076923,68.34615384615384,74.46153846153847,47325000,0,Tier 2 (Competitivo)
FC Midtjylland,27,24.037037037037038,8925.925925925925,66.33333333333333,72.66666666666667,45610000,0,Tier 2 (Competitivo)
FC Nantes,32,24.25,15812.5,70.65625,75.0625,131350000,0,Tier 2 (Competitivo)
FC Nordsjælland,27,20.25925925925926,2407.4074074074074,60.96296296296296,71.96296296296296,16850000,0,Tier 2 (Competitivo)
FC Porto,28,24.964285714285715,14642.857142857143,76.67857142857143,81.17857142857143,335599999,0,Tier 2 (Competitivo)
FC Red Bull Salzburg,27,23.37037037037037,15740.74074074074,69.37037037037037,77.5925925925926,89975000,0,Tier 3 (Formador)
FC Schalke 04,29,25.0,24586.206896551725,74.3103448275862,79.65517241379311,249315000,0,Tier 1 (Élite)
FC Seoul,28,27.535714285714285,2642.8571428571427,65.64285714285714,67.82142857142857,20685000,0,Tier 2 (Competitivo)
FC Sion,27,24.555555555555557,8370.37037037037,64.5925925925926,71.4074074074074,28170000,0,Tier 2 (Competitivo)
FC Sochaux-Montbéliard,28,21.678571428571427,2892.8571428571427,62.642857142857146,72.64285714285714,20370000,0,Tier 2 (Competitivo)
FC St. Gallen,25,24.04,4080.0,63.2,70.2,16325000,0,Tier 2 (Competitivo)
FC St. Pauli,30,25.0,6933.333333333333,66.6,71.16666666666667,38410000,0,Tier 2 (Competitivo)
FC Thun,26,24.692307692307693,3153.846153846154,60.96153846153846,67.0,12270000,0,Tier 2 (Competitivo)
FC Tokyo,30,25.066666666666666,3200.0,63.5,69.13333333333334,21284999,0,Tier 2 (Competitivo)
FC Utrecht,25,24.0,9600.0,68.72,73.6,55870000,0,Tier 3 (Formador)
FC Wacker Innsbruck,27,24.0,2481.4814814814813,62.0,66.77777777777777,12245000,0,Tier 2 (Competitivo)
FC Würzburger Kickers,27,23.185185185185187,2074.074074074074,62.2962962962963,67.77777777777777,13600000,0,Tier 2 (Competitivo)
FC Zürich,27,24.25925925925926,3740.740740740741,63.148148148148145,70.88888888888889,18825000,0,Tier 2 (Competitivo)
FK Austria Wien,27,23.62962962962963,5592.592592592592,65.5925925925926,72.0,27620000,0,Tier 2 (Competitivo)
FK Bodø/Glimt,27,24.185185185185187,1148.148148148148,60.592592592592595,65.37037037037037,9230000,0,Tier 2 (Competitivo)
FK Haugesund,22,23.09090909090909,1409.090909090909,62.0,68.81818181818181,10365000,0,Tier 2 (Competitivo)
FSV Zwickau,25,24.6,1040.0,62.96,67.16,10480000,0,Tier 2 (Competitivo)
Fenerbahçe SK,30,27.1,39533.333333333336,73.2,76.73333333333333,140300000,0,Tier 2 (Competitivo)
Feyenoord,28,22.892857142857142,8821.42857142857,70.60714285714286,77.35714285714286,124125000,0,Tier 3 (Formador)
Fiorentina,24,23.416666666666668,34958.333333333336,72.83333333333333,79.83333333333333,169005000,0,Tier 3 (Formador)
Fleetwood Town,28,25.214285714285715,3607.1428571428573,62.17857142857143,67.89285714285714,13320000,0,Tier 2 (Competitivo)
Fluminense,20,30.2,18950.0,72.1,72.1,61490000,0,Tier 2 (Competitivo)
Foggia,27,25.666666666666668,3703.703703703704,64.55555555555556,69.66666666666667,29420000,0,Tier 2 (Competitivo)
Forest Green Rovers,24,23.583333333333332,3041.6666666666665,61.416666666666664,67.0,8620000,0,Tier 2 (Competitivo)
Fortuna Düsseldorf,33,24.515151515151516,13818.181818181818,68.42424242424242,74.15151515151516,84679998,0,Tier 2 (Competitivo)
Fortuna Sittard,27,22.25925925925926,3111.1111111111113,65.5925925925926,71.77777777777777,27010000,0,Tier 2 (Competitivo)
Frosinone,33,25.545454545454547,10575.757575757576,69.63636363636364,73.75757575757575,87275000,0,Tier 2 (Competitivo)
Fulham,32,23.28125,28781.25,69.5625,76.8125,157710000,0,Tier 3 (Formador)
GD Chaves,25,26.72,6120.0,70.48,72.72,58699999,0,Tier 2 (Competitivo)
GFC Ajaccio,23,25.347826086956523,1695.6521739130435,62.56521739130435,67.43478260869566,10185000,0,Tier 2 (Competitivo)
GIF Sundsvall,23,24.47826086956522,1260.8695652173913,61.65217391304348,67.26086956521739,9660000,0,Tier 2 (Competitivo)
Galatasaray SK,30,25.0,32600.0,70.73333333333333,76.7,149475000,0,Tier 2 (Competitivo)
Gamba Osaka,30,25.0,3166.6666666666665,61.13333333333333,67.96666666666667,17160000,0,Tier 2 (Competitivo)
Gangwon FC,28,27.321428571428573,2000.0,64.60714285714286,67.03571428571429,15980000,0,Tier 2 (Competitivo)
Genoa,27,25.77777777777778,12296.296296296296,72.14814814814815,76.70370370370371,108640000,0,Tier 2 (Competitivo)
Getafe CF,28,25.464285714285715,17250.0,73.0,77.03571428571429,166200000,0,Tier 2 (Competitivo)
Gillingham,28,23.25,1785.7142857142858,60.392857142857146,64.67857142857143,8250000,0,Tier 2 (Competitivo)
Gimnasia y Esgrima La Plata,28,24.678571428571427,4678.571428571428,65.28571428571429,72.71428571428571,30765000,0,Tier 2 (Competitivo)
Gimnàstic de Tarragona,30,25.433333333333334,4633.333333333333,67.0,72.4,33535000,0,Tier 2 (Competitivo)
Girona FC,29,24.724137931034484,22965.51724137931,71.55172413793103,77.37931034482759,171880000,0,Tier 1 (Élite)
Godoy Cruz,28,22.535714285714285,4571.428571428572,64.67857142857143,72.17857142857143,42290000,0,Tier 2 (Competitivo)
Granada CF,29,24.82758620689655,4241.379310344828,66.6896551724138,71.62068965517241,37915000,0,Tier 2 (Competitivo)
Grasshopper Club Zürich,27,22.85185185185185,5000.0,63.148148148148145,70.96296296296296,25210000,0,Tier 2 (Competitivo)
Grenoble Foot 38,25,27.0,2000.0,64.6,67.2,14740000,0,Tier 2 (Competitivo)
Grimsby Town,25,25.0,2000.0,59.48,64.56,5535000,0,Tier 2 (Competitivo)
Grêmio,20,30.0,22250.0,73.35,73.35,110934999,0,Tier 2 (Competitivo)
Guadalajara,29,24.551724137931036,14620.689655172413,67.86206896551724,73.17241379310344,61834999,0,Tier 2 (Competitivo)
Guangzhou Evergrande Taobao FC,28,27.107142857142858,15857.142857142857,66.71428571428571,69.75,115015000,0,Tier 2 (Competitivo)
Guangzhou R&F; FC,28,25.821428571428573,4750.0,60.607142857142854,65.32142857142857,33400000,0,Tier 2 (Competitivo)
Guizhou Hengfeng FC,27,27.59259259259259,4296.2962962962965,62.111111111111114,64.74074074074075,22965000,0,Tier 2 (Competitivo)
Gyeongnam FC,27,27.444444444444443,1740.7407407407406,62.148148148148145,64.74074074074075,13345000,0,Tier 2 (Competitivo)
Górnik Zabrze,27,22.14814814814815,1629.6296296296296,61.407407407407405,68.70370370370371,16385000,0,Tier 2 (Competitivo)
Göztepe SK,28,26.857142857142858,12428.57142857143,68.42857142857143,71.89285714285714,56180000,0,Tier 2 (Competitivo)
HJK Helsinki,25,23.36,1000.0,59.16,67.0,6515000,0,Tier 2 (Competitivo)
Hallescher FC,25,22.96,1160.0,61.92,68.72,10985000,0,Tier 2 (Competitivo)
Hamburger SV,30,22.366666666666667,7566.666666666667,68.46666666666667,77.2,91260000,0,Tier 3 (Formador)
Hamilton Academical FC,26,24.615384615384617,1384.6153846153845,58.69230769230769,65.38461538461539,5455000,0,Tier 2 (Competitivo)
Hammarby IF,26,25.26923076923077,2076.923076923077,63.80769230769231,68.8076923076923,20085000,0,Tier 2 (Competitivo)
Hannover 96,29,24.448275862068964,19275.862068965518,70.82758620689656,75.75862068965517,121090000,0,Tier 2 (Competitivo)
Heart of Midlothian,27,25.0,4370.37037037037,65.74074074074075,72.77777777777777,24450000,0,Tier 2 (Competitivo)
Hebei China Fortune FC,28,27.571428571428573,5214.285714285715,64.14285714285714,66.5,28715000,0,Tier 2 (Competitivo)
Hellas Verona,29,24.689655172413794,7413.793103448276,67.58620689655173,72.58620689655173,45330000,0,Tier 2 (Competitivo)
Henan Jianye FC,28,25.571428571428573,3607.1428571428573,60.892857142857146,64.60714285714286,23210000,0,Tier 2 (Competitivo)
Heracles Almelo,29,23.724137931034484,2724.137931034483,65.51724137931035,70.79310344827586,28880000,0,Tier 2 (Competitivo)
Hertha BSC,32,23.84375,16875.0,71.28125,78.5625,160425000,0,Tier 3 (Formador)
Hibernian,25,25.8,4200.0,64.8,69.8,18560000,0,Tier 2 (Competitivo)
Hobro IK,24,25.541666666666668,2333.3333333333335,61.333333333333336,66.125,8960000,0,Tier 2 (Competitivo)
Hokkaido Consadole Sapporo,29,28.06896551724138,1241.3793103448277,61.37931034482759,64.13793103448276,10850000,0,Tier 2 (Competitivo)
Holstein Kiel,29,24.03448275862069,4310.3448275862065,65.10344827586206,71.20689655172414,31705000,0,Tier 2 (Competitivo)
Houston Dynamo,30,26.566666666666666,2866.6666666666665,65.36666666666666,69.5,32360000,0,Tier 2 (Competitivo)
Huddersfield Town,32,23.4375,22875.0,68.875,75.84375,123289999,0,Tier 3 (Formador)
Hull City,30,24.333333333333332,9833.333333333334,66.2,72.43333333333334,36730000,0,Tier 2 (Competitivo)
IF Brommapojkarna,26,23.807692307692307,1000.0,59.84615384615385,64.53846153846153,6590000,0,Tier 2 (Competitivo)
IF Elfsborg,27,25.333333333333332,1666.6666666666667,63.0,66.88888888888889,14115000,0,Tier 2 (Competitivo)
IFK Göteborg,23,23.565217391304348,1173.9130434782608,60.69565217391305,67.65217391304348,8370000,0,Tier 2 (Competitivo)
IFK Norrköping,24,24.416666666666668,2291.6666666666665,64.375,71.29166666666667,23149999,0,Tier 2 (Competitivo)
IK Sirius,27,26.40740740740741,1000.0,61.48148148148148,64.70370370370371,9020000,0,Tier 2 (Competitivo)
IK Start,24,23.791666666666668,1083.3333333333333,62.333333333333336,69.33333333333333,10835000,0,Tier 2 (Competitivo)
Incheon United FC,28,26.214285714285715,1535.7142857142858,63.142857142857146,66.42857142857143,14470000,0,Tier 2 (Competitivo)
Independiente,28,26.142857142857142,14000.0,71.57142857142857,75.32142857142857,127300000,0,Tier 2 (Competitivo)
Independiente Medellín,28,24.892857142857142,1821.4285714285713,63.714285714285715,69.35714285714286,24040000,0,Tier 2 (Competitivo)
Independiente Santa Fe,28,28.107142857142858,2642.8571428571427,67.25,70.39285714285714,34375000,0,Tier 2 (Competitivo)
Inter,24,27.458333333333332,66500.0,79.75,81.75,466485000,2,Tier 1 (Élite)
Internacional,20,29.6,19850.0,73.25,73.25,77125000,0,Tier 2 (Competitivo)
Ipswich Town,30,24.466666666666665,4833.333333333333,65.9,71.93333333333334,27645000,0,Tier 2 (Competitivo)
Itagüí Leones FC,26,23.46153846153846,1000.0,60.69230769230769,68.23076923076923,9320000,0,Tier 2 (Competitivo)
Jagiellonia Bia?ystok,27,25.37037037037037,3296.296296296296,64.22222222222223,69.25925925925925,23900000,0,Tier 2 (Competitivo)
Jaguares de Córdoba,27,27.37037037037037,1000.0,62.81481481481482,65.85185185185185,11160000,0,Tier 2 (Competitivo)
Jeju United FC,28,27.285714285714285,2428.5714285714284,64.82142857142857,67.10714285714286,19874999,0,Tier 2 (Competitivo)
Jeonbuk Hyundai Motors,28,27.571428571428573,4714.285714285715,66.85714285714286,69.64285714285714,32360000,0,Tier 2 (Competitivo)
Jeonnam Dragons,28,26.357142857142858,2178.5714285714284,64.14285714285714,67.07142857142857,16690000,0,Tier 2 (Competitivo)
Jiangsu Suning FC,28,24.928571428571427,5785.714285714285,60.785714285714285,65.07142857142857,36440000,0,Tier 2 (Competitivo)
Junior FC,28,26.178571428571427,2071.4285714285716,67.71428571428571,71.78571428571429,49290000,0,Tier 2 (Competitivo)
Juventus,25,27.16,131680.0,82.28,85.52,704475000,8,Tier 1 (Élite)
Júbilo Iwata,30,27.566666666666666,1666.6666666666667,60.86666666666667,64.2,10710000,0,Tier 2 (Competitivo)
KAA Gent,28,23.821428571428573,11250.0,69.89285714285714,75.39285714285714,82975000,0,Tier 3 (Formador)
KAS Eupen,28,25.178571428571427,5178.571428571428,66.60714285714286,71.35714285714286,27710000,0,Tier 2 (Competitivo)
KFC Uerdingen 05,28,26.071428571428573,2500.0,63.82142857142857,66.82142857142857,17195000,0,Tier 2 (Competitivo)
KRC Genk,25,22.8,9160.0,71.24,77.96,111974999,0,Tier 3 (Formador)
KSV Cercle Brugge,28,24.535714285714285,7000.0,66.0,71.46428571428571,28945000,0,Tier 2 (Competitivo)
KV Kortrijk,28,25.642857142857142,6321.428571428572,67.21428571428571,70.82142857142857,35120000,0,Tier 2 (Competitivo)
KV Oostende,26,23.615384615384617,6384.615384615385,67.23076923076923,73.15384615384616,37135000,0,Tier 2 (Competitivo)
Kaizer Chiefs,27,26.296296296296298,1000.0,66.77777777777777,69.48148148148148,35135000,0,Tier 2 (Competitivo)
Kalmar FF,27,24.59259259259259,1259.2592592592594,62.22222222222222,68.55555555555556,14480000,0,Tier 2 (Competitivo)
Karlsruher SC,28,24.678571428571427,2178.5714285714284,63.25,68.39285714285714,14410000,0,Tier 2 (Competitivo)
Kashima Antlers,30,26.0,4166.666666666667,65.3,70.56666666666666,36460000,0,Tier 2 (Competitivo)
Kashiwa Reysol,28,25.392857142857142,3428.5714285714284,63.607142857142854,67.96428571428571,27650000,0,Tier 2 (Competitivo)
Kasimpa?a SK,23,25.0,7217.391304347826,67.82608695652173,71.6086956521739,50985000,0,Tier 2 (Competitivo)
Kawasaki Frontale,30,26.633333333333333,3400.0,65.3,67.43333333333334,28605000,0,Tier 2 (Competitivo)
Kayserispor,25,27.0,8720.0,68.68,72.08,55895000,0,Tier 2 (Competitivo)
Kilmarnock,28,24.25,3285.714285714286,62.82142857142857,69.92857142857143,20200000,0,Tier 2 (Competitivo)
Korona Kielce,27,24.296296296296298,1370.3703703703704,61.370370370370374,66.0,10695000,0,Tier 2 (Competitivo)
Kristiansund BK,23,25.73913043478261,1173.9130434782608,62.73913043478261,65.82608695652173,10030000,0,Tier 2 (Competitivo)
LA Galaxy,25,27.16,4400.0,68.24,70.92,61450000,0,Tier 2 (Competitivo)
LASK Linz,24,24.25,2916.6666666666665,63.041666666666664,69.5,14850000,0,Tier 2 (Competitivo)
LOSC Lille,25,22.0,14360.0,69.64,78.96,100050000,0,Tier 3 (Formador)
La Berrichonne de Châteauroux,24,25.916666666666668,1750.0,62.25,67.125,11130000,0,Tier 2 (Competitivo)
La Equidad,28,26.571428571428573,1142.857142857143,63.857142857142854,68.32142857142857,17360000,0,Tier 2 (Competitivo)
Lazio,32,25.3125,38312.5,75.4375,79.4375,352135000,1,Tier 1 (Élite)
Le Havre AC,30,23.833333333333332,2333.3333333333335,64.2,70.53333333333333,23320000,0,Tier 2 (Competitivo)
Lecce,29,26.620689655172413,2931.0344827586205,64.51724137931035,67.72413793103448,21680000,0,Tier 2 (Competitivo)
Lech Pozna?,27,26.074074074074073,3518.5185185185187,65.29629629629629,68.55555555555556,27270000,0,Tier 2 (Competitivo)
Lechia Gda?sk,27,24.88888888888889,2703.703703703704,64.25925925925925,69.85185185185185,20965000,0,Tier 2 (Competitivo)
Leeds United,30,23.2,19500.0,67.53333333333333,75.33333333333333,77190000,0,Tier 3 (Formador)
Legia Warszawa,27,27.37037037037037,4814.814814814815,68.14814814814815,71.55555555555556,36675000,0,Tier 2 (Competitivo)
Leicester City,32,25.5625,43906.25,73.84375,78.25,240100000,0,Tier 1 (Élite)
Levante UD,32,24.625,17343.75,72.15625,76.75,182375000,0,Tier 2 (Competitivo)
Lillestrøm SK,24,24.458333333333332,1291.6666666666667,61.416666666666664,66.83333333333333,9555000,0,Tier 2 (Competitivo)
Limerick FC,19,22.94736842105263,1000.0,54.526315789473685,61.26315789473684,2040000,0,Tier 2 (Competitivo)
Lincoln City,28,25.357142857142858,3785.714285714286,60.607142857142854,65.42857142857143,9610000,0,Tier 2 (Competitivo)
Liverpool,33,24.0,87939.39393939394,76.0,82.39393939393939,585055000,4,Tier 3 (Formador)
Livingston FC,28,24.178571428571427,1571.4285714285713,60.142857142857146,66.78571428571429,8660000,0,Tier 2 (Competitivo)
Livorno,30,26.233333333333334,2300.0,63.7,68.13333333333334,16705000,0,Tier 2 (Competitivo)
Lobos BUAP,27,27.0,3888.8888888888887,66.0,69.29629629629629,25530000,0,Tier 2 (Competitivo)
Lokomotiv Moscow,28,27.071428571428573,1000.0,72.32142857142857,75.92857142857143,144520000,0,Tier 2 (Competitivo)
Los Angeles FC,25,25.84,4560.0,67.76,72.6,61820000,0,Tier 2 (Competitivo)
Luton Town,25,24.32,3040.0,62.48,67.84,12530000,0,Tier 2 (Competitivo)
MKE Ankaragücü,29,28.586206896551722,11241.379310344828,69.10344827586206,70.55172413793103,58325000,0,Tier 2 (Competitivo)
MSV Duisburg,26,24.884615384615383,3269.230769230769,66.46153846153847,71.38461538461539,30905000,0,Tier 2 (Competitivo)
Macclesfield Town,26,25.46153846153846,1730.7692307692307,58.73076923076923,63.53846153846154,4645000,0,Tier 2 (Competitivo)
Malmö FF,26,25.53846153846154,3500.0,66.65384615384616,71.84615384615384,39340000,0,Tier 2 (Competitivo)
Manchester City,33,23.90909090909091,113363.63636363637,76.72727272727273,83.9090909090909,786555000,8,Tier 3 (Formador)
Manchester United,33,24.757575757575758,102757.57575757576,77.24242424242425,82.66666666666667,588850000,3,Tier 1 (Élite)
Mansfield Town,28,24.464285714285715,3714.285714285714,61.535714285714285,67.82142857142857,10380000,0,Tier 2 (Competitivo)
Medipol Ba?ak?ehir FK,28,27.464285714285715,19678.571428571428,70.78571428571429,73.96428571428571,106490000,0,Tier 2 (Competitivo)
Melbourne City FC,25,25.36,3760.0,63.32,68.44,20890000,0,Tier 2 (Competitivo)
Melbourne Victory,21,25.571428571428573,3619.0476190476193,64.28571428571429,68.61904761904762,25130000,0,Tier 2 (Competitivo)
Middlesbrough,30,25.5,24500.0,68.0,74.03333333333333,71560000,0,Tier 2 (Competitivo)
Mied? Legnica,26,26.5,1192.3076923076924,62.34615384615385,66.03846153846153,10050000,0,Tier 2 (Competitivo)
Milan,27,25.0,72481.48148148147,78.07407407407408,82.55555555555556,416999999,1,Tier 1 (Élite)
Millonarios FC,28,26.571428571428573,2285.714285714286,67.14285714285714,71.14285714285714,41555000,0,Tier 2 (Competitivo)
Millwall,30,24.7,5333.333333333333,65.3,69.9,31090000,0,Tier 2 (Competitivo)
Milton Keynes Dons,28,24.642857142857142,3464.285714285714,62.214285714285715,68.64285714285714,13065000,0,Tier 2 (Competitivo)
Minnesota United FC,30,26.533333333333335,3066.6666666666665,66.0,69.06666666666666,35285000,0,Tier 2 (Competitivo)
Molde FK,26,23.76923076923077,3307.6923076923076,65.34615384615384,71.42307692307692,27015000,0,Tier 2 (Competitivo)
Monarcas Morelia,28,25.0,4785.714285714285,66.28571428571429,71.14285714285714,39315000,0,Tier 2 (Competitivo)
Monterrey,26,24.692307692307693,22961.53846153846,69.1923076923077,75.26923076923077,92725000,0,Tier 2 (Competitivo)
Montpellier HSC,27,24.962962962962962,14074.074074074075,70.51851851851852,75.92592592592592,110640000,0,Tier 2 (Competitivo)
Montreal Impact,29,26.137931034482758,4034.4827586206898,66.03448275862068,69.27586206896552,40745000,0,Tier 2 (Competitivo)
Morecambe,28,25.071428571428573,1642.857142857143,57.0,62.17857142857143,4710000,0,Tier 2 (Competitivo)
Moreirense FC,25,25.48,3880.0,69.12,72.6,47500000,0,Tier 2 (Competitivo)
Motherwell,28,24.035714285714285,1785.7142857142858,62.214285714285715,68.25,13675000,0,Tier 2 (Competitivo)
Málaga CF,30,25.333333333333332,7900.0,70.3,74.66666666666667,79350000,0,Tier 2 (Competitivo)
NAC Breda,29,22.93103448275862,3586.206896551724,64.48275862068965,70.3103448275862,23280000,0,Tier 2 (Competitivo)
Nagoya Grampus,27,26.59259259259259,2370.3703703703704,62.7037037037037,66.51851851851852,20940000,0,Tier 2 (Competitivo)
Napoli,25,25.92,71080.0,80.0,83.44,514000000,4,Tier 1 (Élite)
Neuchâtel Xamax,27,27.22222222222222,2037.037037037037,61.25925925925926,64.62962962962963,10050000,0,Tier 2 (Competitivo)
New England Revolution,27,25.0,2777.777777777778,64.66666666666667,69.55555555555556,24940000,0,Tier 2 (Competitivo)
New York City FC,26,25.384615384615383,5269.2307692307695,67.03846153846153,72.38461538461539,50955000,0,Tier 2 (Competitivo)
New York Red Bulls,29,23.655172413793103,3965.5172413793102,66.72413793103448,73.3103448275862,58705000,0,Tier 2 (Competitivo)
Newcastle Jets,24,25.375,1500.0,62.833333333333336,67.58333333333333,15255000,0,Tier 2 (Competitivo)
Newcastle United,33,24.545454545454547,29424.242424242424,70.87878787878788,77.3030303030303,178190000,0,Tier 1 (Élite)
Newell's Old Boys,28,26.071428571428573,7107.142857142857,66.42857142857143,71.07142857142857,28925000,0,Tier 2 (Competitivo)
Newport County,26,24.653846153846153,1961.5384615384614,58.73076923076923,64.6923076923077,5845000,0,Tier 2 (Competitivo)
Northampton Town,28,23.714285714285715,2500.0,58.82142857142857,65.92857142857143,8025000,0,Tier 2 (Competitivo)
Norwich City,30,24.866666666666667,13833.333333333334,68.96666666666667,74.1,66570000,0,Tier 2 (Competitivo)
Nottingham Forest,30,26.633333333333333,24900.0,70.53333333333333,73.93333333333334,84605000,0,Tier 2 (Competitivo)
Notts County,27,25.37037037037037,3370.3703703703704,61.0,66.0,8470000,0,Tier 2 (Competitivo)
Nîmes Olympique,27,24.74074074074074,9000.0,68.25925925925925,72.37037037037037,49580000,0,Tier 2 (Competitivo)
OGC Nice,28,22.821428571428573,18785.714285714286,72.5,79.46428571428571,166200000,0,Tier 3 (Formador)
Odds BK,23,23.956521739130434,1565.2173913043478,62.26086956521739,69.95652173913044,11385000,0,Tier 2 (Competitivo)
Odense Boldklub,27,24.37037037037037,3851.8518518518517,63.370370370370374,69.44444444444444,20195000,0,Tier 2 (Competitivo)
Ohod Club,25,26.12,3800.0,61.0,65.44,8970000,0,Tier 2 (Competitivo)
Oldham Athletic,24,23.833333333333332,2916.6666666666665,60.166666666666664,67.95833333333333,7985000,0,Tier 2 (Competitivo)
Olympiacos CFP,28,24.642857142857142,1000.0,72.5,77.10714285714286,132000000,0,Tier 2 (Competitivo)
Olympique Lyonnais,29,22.79310344827586,38793.10344827586,73.48275862068965,81.75862068965517,310930000,0,Tier 3 (Formador)
Olympique de Marseille,29,25.620689655172413,33310.34482758621,73.82758620689656,78.44827586206897,258800000,0,Tier 1 (Élite)
Once Caldas,28,25.857142857142858,1571.4285714285713,65.10714285714286,70.64285714285714,25049999,0,Tier 2 (Competitivo)
Orlando City SC,30,25.9,3133.3333333333335,65.83333333333333,70.26666666666667,36265000,0,Tier 2 (Competitivo)
Orlando Pirates,28,26.928571428571427,1000.0,66.32142857142857,68.75,27125000,0,Tier 2 (Competitivo)
Os Belenenses,24,26.0,3208.3333333333335,67.91666666666667,70.79166666666667,27875000,0,Tier 2 (Competitivo)
Oxford United,28,24.678571428571427,3250.0,62.42857142857143,68.42857142857143,14100000,0,Tier 2 (Competitivo)
PAOK,27,26.962962962962962,1000.0,72.44444444444444,75.11111111111111,110850000,0,Tier 2 (Competitivo)
PEC Zwolle,27,23.37037037037037,3777.777777777778,65.66666666666667,72.07407407407408,26785000,0,Tier 2 (Competitivo)
PFC CSKA Moscow,28,22.678571428571427,1000.0,68.78571428571429,76.67857142857143,101985000,0,Tier 3 (Formador)
PSV,30,22.366666666666667,9600.0,71.76666666666667,79.43333333333334,196350000,0,Tier 3 (Formador)
Pachuca,29,24.82758620689655,11827.586206896553,66.96551724137932,73.48275862068965,60874999,0,Tier 2 (Competitivo)
Padova,30,25.8,3066.6666666666665,65.16666666666667,69.33333333333333,16820000,0,Tier 2 (Competitivo)
Palermo,30,24.566666666666666,3066.6666666666665,67.96666666666667,74.23333333333333,56965000,0,Tier 2 (Competitivo)
Panathinaikos FC,28,23.071428571428573,1000.0,67.17857142857143,73.71428571428571,48250000,0,Tier 3 (Formador)
Paraná,20,31.6,10150.0,68.7,68.7,25415000,0,Tier 2 (Competitivo)
Paris FC,25,25.92,2520.0,63.8,68.08,12690000,0,Tier 2 (Competitivo)
Paris Saint-Germain,30,24.566666666666666,72033.33333333333,77.43333333333334,83.56666666666666,625325000,6,Tier 1 (Élite)
Parma,29,27.689655172413794,23241.379310344826,70.10344827586206,73.37931034482759,82945000,0,Tier 2 (Competitivo)
Patriotas Boyacá FC,28,26.071428571428573,1071.4285714285713,64.21428571428571,68.53571428571429,16725000,0,Tier 2 (Competitivo)
Patronato,28,27.75,4892.857142857143,65.14285714285714,67.89285714285714,18575000,0,Tier 2 (Competitivo)
Perth Glory,25,27.24,2040.0,63.68,67.52,14375000,0,Tier 2 (Competitivo)
Perugia,25,23.32,3880.0,65.56,73.0,31840000,0,Tier 2 (Competitivo)
Pescara,28,25.071428571428573,5035.714285714285,65.85714285714286,72.39285714285714,27640000,0,Tier 2 (Competitivo)
Peterborough United,26,24.0,4269.2307692307695,63.80769230769231,69.76923076923077,18175000,0,Tier 2 (Competitivo)
Philadelphia Union,29,25.24137931034483,3344.8275862068967,65.93103448275862,70.72413793103448,38130000,0,Tier 2 (Competitivo)
Piast Gliwice,27,25.185185185185187,2074.074074074074,63.074074074074076,67.14814814814815,12470000,0,Tier 2 (Competitivo)
Plymouth Argyle,28,25.285714285714285,3535.714285714286,63.285714285714285,68.10714285714286,14035000,0,Tier 2 (Competitivo)
Pogo? Szczecin,26,24.807692307692307,2807.6923076923076,64.23076923076923,68.96153846153847,17070000,0,Tier 2 (Competitivo)
Pohang Steelers,27,25.074074074074073,2481.4814814814813,64.11111111111111,68.51851851851852,17810000,0,Tier 2 (Competitivo)
Port Vale,26,25.96153846153846,2500.0,60.42307692307692,63.57692307692308,6395000,0,Tier 2 (Competitivo)
Portimonense SC,27,23.88888888888889,5370.37037037037,69.22222222222223,74.70370370370371,72525000,0,Tier 3 (Formador)
Portland Timbers,30,26.233333333333334,3600.0,66.36666666666666,70.5,46134999,0,Tier 2 (Competitivo)
Portsmouth,28,23.5,3607.1428571428573,63.892857142857146,71.32142857142857,20080000,0,Tier 2 (Competitivo)
Preston North End,29,23.482758620689655,5724.137931034483,66.20689655172414,73.3103448275862,50030000,0,Tier 2 (Competitivo)
Puebla FC,30,25.933333333333334,5266.666666666667,65.23333333333333,68.9,33300000,0,Tier 2 (Competitivo)
Queens Park Rangers,30,24.6,6466.666666666667,66.2,72.36666666666666,41855000,0,Tier 2 (Competitivo)
Querétaro,30,24.933333333333334,4800.0,66.36666666666666,70.56666666666666,45595000,0,Tier 2 (Competitivo)
RB Leipzig,28,22.178571428571427,30964.285714285714,73.10714285714286,80.17857142857143,277710000,0,Tier 3 (Formador)
RC Celta,33,23.666666666666668,15545.454545454546,72.45454545454545,78.66666666666667,225600000,0,Tier 3 (Formador)
RC Strasbourg Alsace,28,24.75,9678.57142857143,69.10714285714286,74.39285714285714,80730000,0,Tier 2 (Competitivo)
RCD Espanyol,29,25.03448275862069,16206.896551724138,71.51724137931035,76.79310344827586,146344999,0,Tier 2 (Competitivo)
RCD Mallorca,28,25.75,3035.714285714286,65.28571428571429,69.46428571428571,18630000,0,Tier 2 (Competitivo)
RSC Anderlecht,28,23.428571428571427,11035.714285714286,70.35714285714286,76.46428571428571,99124999,0,Tier 3 (Formador)
Racing Club,28,26.107142857142858,12500.0,70.85714285714286,75.35714285714286,107320000,0,Tier 2 (Competitivo)
Racing Club de Lens,30,23.733333333333334,4666.666666666667,65.26666666666667,71.76666666666667,27570000,0,Tier 2 (Competitivo)
Randers FC,25,23.84,2440.0,61.52,67.2,10815000,0,Tier 2 (Competitivo)
Rangers FC,28,25.035714285714285,23892.85714285714,69.39285714285714,76.21428571428571,71719999,0,Tier 2 (Competitivo)
Ranheim Fotball,24,24.541666666666668,1083.3333333333333,61.125,65.83333333333333,8375000,0,Tier 2 (Competitivo)
Rayo Vallecano,33,24.727272727272727,15242.424242424242,69.81818181818181,75.0909090909091,129080000,0,Tier 2 (Competitivo)
Reading,30,25.733333333333334,12100.0,67.46666666666667,71.6,36965000,0,Tier 2 (Competitivo)
Real Betis,27,25.37037037037037,22925.925925925927,75.18518518518519,79.70370370370371,297915000,0,Tier 1 (Élite)
Real Madrid,33,24.060606060606062,152030.30303030304,78.24242424242425,84.63636363636364,874425000,10,Tier 3 (Formador)
Real Oviedo,30,25.7,5933.333333333333,68.13333333333334,73.16666666666667,51150000,0,Tier 2 (Competitivo)
Real Salt Lake,30,26.166666666666668,2933.3333333333335,66.1,70.63333333333334,41690000,0,Tier 2 (Competitivo)
Real Sociedad,31,23.35483870967742,21483.870967741936,72.61290322580645,79.41935483870968,231085000,0,Tier 3 (Formador)
Real Sporting de Gijón,30,24.3,5533.333333333333,68.46666666666667,73.96666666666667,67275000,0,Tier 2 (Competitivo)
Real Valladolid CF,30,24.833333333333332,11800.0,69.76666666666667,74.93333333333334,103660000,0,Tier 2 (Competitivo)
Real Zaragoza,30,24.433333333333334,4933.333333333333,67.96666666666667,73.4,45535000,0,Tier 2 (Competitivo)
Red Star FC,28,25.5,1750.0,63.82142857142857,68.17857142857143,14850000,0,Tier 2 (Competitivo)
Rio Ave FC,28,23.964285714285715,5928.571428571428,68.96428571428571,74.60714285714286,65765000,0,Tier 3 (Formador)
Rionegro Águilas,28,26.321428571428573,1142.857142857143,65.46428571428571,69.25,24600000,0,Tier 2 (Competitivo)
River Plate,25,25.92,13720.0,71.2,76.72,112804999,0,Tier 2 (Competitivo)
Rochdale,27,24.62962962962963,2000.0,62.407407407407405,68.85185185185185,11565000,0,Tier 2 (Competitivo)
Roma,26,25.653846153846153,53807.692307692305,77.42307692307692,82.1923076923077,335450000,0,Tier 1 (Élite)
Rosario Central,28,25.392857142857142,6857.142857142857,66.78571428571429,72.25,48800000,0,Tier 2 (Competitivo)
Rosenborg BK,26,24.576923076923077,3538.4615384615386,66.53846153846153,73.0,40245000,0,Tier 2 (Competitivo)
Rotherham United,26,24.384615384615383,8346.153846153846,64.65384615384616,69.26923076923077,18070000,0,Tier 2 (Competitivo)
Royal Antwerp FC,25,26.0,7000.0,69.72,73.28,59120000,0,Tier 2 (Competitivo)
Royal Excel Mouscron,28,23.928571428571427,3178.5714285714284,64.75,70.39285714285714,19000000,0,Tier 2 (Competitivo)
SC Braga,28,25.035714285714285,12500.0,74.82142857142857,78.57142857142857,205824999,0,Tier 2 (Competitivo)
SC Fortuna Köln,26,25.692307692307693,1115.3846153846155,62.46153846153846,66.8076923076923,10635000,0,Tier 2 (Competitivo)
SC Freiburg,30,24.233333333333334,13866.666666666666,70.2,74.63333333333334,111550000,0,Tier 2 (Competitivo)
SC Heerenveen,27,22.814814814814813,3703.703703703704,67.11111111111111,73.33333333333333,40345000,0,Tier 2 (Competitivo)
SC Paderborn 07,30,23.866666666666667,3733.3333333333335,63.733333333333334,69.66666666666667,23595000,0,Tier 2 (Competitivo)
SC Preußen Münster,27,23.40740740740741,1259.2592592592594,62.03703703703704,67.55555555555556,11845000,0,Tier 2 (Competitivo)
SCR Altach,26,25.76923076923077,2846.153846153846,63.07692307692308,66.6923076923077,10985000,0,Tier 2 (Competitivo)
SD Eibar,29,26.310344827586206,19344.827586206895,73.20689655172414,77.0,172240000,0,Tier 2 (Competitivo)
SD Huesca,30,25.633333333333333,12400.0,68.66666666666667,73.3,79930000,0,Tier 2 (Competitivo)
SG Dynamo Dresden,28,23.785714285714285,6428.571428571428,66.03571428571429,72.42857142857143,29225000,0,Tier 2 (Competitivo)
SG Sonnenhof Großaspach,24,24.333333333333332,1208.3333333333333,62.791666666666664,67.95833333333333,10670000,0,Tier 2 (Competitivo)
SK Brann,27,25.22222222222222,2259.259259259259,63.74074074074074,68.5925925925926,20650000,0,Tier 2 (Competitivo)
SK Rapid Wien,27,23.703703703703702,6592.592592592592,66.88888888888889,71.81481481481481,38924999,0,Tier 2 (Competitivo)
SK Slavia Praha,28,25.392857142857142,1000.0,68.67857142857143,72.82142857142857,75929999,0,Tier 2 (Competitivo)
SK Sturm Graz,25,23.92,6560.0,65.12,71.6,29645000,0,Tier 2 (Competitivo)
SKN St. Pölten,27,24.37037037037037,3074.074074074074,61.666666666666664,66.11111111111111,10225000,0,Tier 2 (Competitivo)
SL Benfica,28,24.5,12035.714285714286,77.0,81.5,319250000,0,Tier 2 (Competitivo)
SPAL,27,26.40740740740741,10296.296296296296,70.96296296296296,75.03703703703704,102725000,0,Tier 2 (Competitivo)
SV Darmstadt 98,27,25.444444444444443,8370.37037037037,66.88888888888889,70.88888888888889,39655000,0,Tier 2 (Competitivo)
SV Mattersburg,26,25.73076923076923,3923.076923076923,62.84615384615385,66.0,10595000,0,Tier 2 (Competitivo)
SV Meppen,28,25.357142857142858,1321.4285714285713,61.57142857142857,65.53571428571429,10455000,0,Tier 2 (Competitivo)
SV Sandhausen,29,26.17241379310345,3482.7586206896553,67.41379310344827,70.51724137931035,32665000,0,Tier 2 (Competitivo)
SV Wehen Wiesbaden,24,25.0,2625.0,64.95833333333333,68.83333333333333,15620000,0,Tier 2 (Competitivo)
SV Werder Bremen,32,25.0,17781.25,71.875,77.84375,184570000,0,Tier 2 (Competitivo)
SV Zulte-Waregem,26,25.807692307692307,5923.076923076923,67.07692307692308,71.23076923076923,33470000,0,Tier 2 (Competitivo)
Sagan Tosu,30,27.266666666666666,2100.0,64.23333333333333,66.73333333333333,26095000,0,Tier 2 (Competitivo)
Sampdoria,27,24.77777777777778,25185.185185185186,72.70370370370371,77.70370370370371,155685000,0,Tier 2 (Competitivo)
San Jose Earthquakes,26,25.76923076923077,2923.076923076923,65.73076923076923,68.84615384615384,28930000,0,Tier 2 (Competitivo)
San Lorenzo de Almagro,28,25.25,9107.142857142857,68.96428571428571,75.71428571428571,61135000,0,Tier 2 (Competitivo)
San Luis de Quillota,28,24.928571428571427,1500.0,62.857142857142854,68.10714285714286,16905000,0,Tier 2 (Competitivo)
San Martin de Tucumán,28,26.5,3714.285714285714,65.35714285714286,69.14285714285714,17205000,0,Tier 2 (Competitivo)
San Martín de San Juan,28,27.785714285714285,3785.714285714286,65.0,67.92857142857143,14085000,0,Tier 2 (Competitivo)
Sandefjord Fotball,24,24.833333333333332,1083.3333333333333,60.791666666666664,66.5,8585000,0,Tier 2 (Competitivo)
Sanfrecce Hiroshima,26,27.0,4038.4615384615386,64.11538461538461,67.53846153846153,20840000,0,Tier 2 (Competitivo)
Sangju Sangmu FC,28,26.035714285714285,1214.2857142857142,61.32142857142857,63.357142857142854,9015000,0,Tier 2 (Competitivo)
Santa Clara,26,26.653846153846153,2807.6923076923076,67.57692307692308,70.76923076923077,33190000,0,Tier 2 (Competitivo)
Santos,20,29.6,10550.0,70.2,70.2,48810000,0,Tier 2 (Competitivo)
Santos Laguna,26,25.346153846153847,10884.615384615385,68.76923076923077,72.73076923076923,65230000,0,Tier 2 (Competitivo)
Sarpsborg 08 FF,26,24.76923076923077,1423.076923076923,62.76923076923077,67.73076923076923,12585000,0,Tier 2 (Competitivo)
Sassuolo,27,24.74074074074074,30037.037037037036,72.29629629629629,77.96296296296296,147620000,0,Tier 2 (Competitivo)
Scunthorpe United,27,23.51851851851852,3925.925925925926,61.96296296296296,68.88888888888889,13730000,0,Tier 2 (Competitivo)
Seattle Sounders FC,27,26.37037037037037,4444.444444444444,67.66666666666667,71.22222222222223,52730000,0,Tier 2 (Competitivo)
Sevilla FC,30,25.266666666666666,18533.333333333332,75.2,79.46666666666667,309850000,0,Tier 2 (Competitivo)
Shakhtar Donetsk,28,25.214285714285715,1000.0,72.82142857142857,77.78571428571429,170350000,0,Tier 2 (Competitivo)
Shamrock Rovers,22,23.59090909090909,1000.0,60.09090909090909,68.68181818181819,7095000,0,Tier 2 (Competitivo)
Shandong Luneng TaiShan FC,27,26.85185185185185,5703.7037037037035,63.111111111111114,66.14814814814815,29130000,0,Tier 2 (Competitivo)
Shanghai Greenland Shenhua FC,27,27.59259259259259,5000.0,63.074074074074076,66.22222222222223,34405000,0,Tier 2 (Competitivo)
Shanghai SIPG FC,28,24.678571428571427,6928.571428571428,63.464285714285715,68.28571428571429,84990000,0,Tier 2 (Competitivo)
Sheffield United,30,25.6,8500.0,66.66666666666667,71.63333333333334,48080000,0,Tier 2 (Competitivo)
Sheffield Wednesday,30,26.166666666666668,13500.0,67.96666666666667,72.33333333333333,51785000,0,Tier 2 (Competitivo)
Shimizu S-Pulse,30,26.4,1633.3333333333333,62.833333333333336,66.26666666666667,17430000,0,Tier 2 (Competitivo)
Shonan Bellmare,30,25.6,1233.3333333333333,60.6,64.8,9270000,0,Tier 2 (Competitivo)
Shrewsbury,27,23.555555555555557,2407.4074074074074,61.370370370370374,67.96296296296296,11505000,0,Tier 2 (Competitivo)
Sint-Truidense VV,28,24.285714285714285,5892.857142857143,67.42857142857143,71.96428571428571,42240000,0,Tier 2 (Competitivo)
Sivasspor,27,26.333333333333332,9000.0,66.96296296296296,71.33333333333333,38165000,0,Tier 2 (Competitivo)
Sligo Rovers,19,22.157894736842106,1000.0,56.63157894736842,65.36842105263158,3295000,0,Tier 2 (Competitivo)
Southampton,33,23.727272727272727,30090.909090909092,71.42424242424242,77.42424242424242,195595000,0,Tier 3 (Formador)
Southend United,28,24.714285714285715,2535.714285714286,63.25,67.82142857142857,12780000,0,Tier 2 (Competitivo)
SpVgg Greuther Fürth,28,23.428571428571427,3857.1428571428573,65.71428571428571,72.60714285714286,25585000,0,Tier 2 (Competitivo)
SpVgg Unterhaching,26,24.115384615384617,1538.4615384615386,61.38461538461539,66.84615384615384,11705000,0,Tier 2 (Competitivo)
Sparta Praha,28,25.642857142857142,1000.0,67.64285714285714,71.39285714285714,50099999,0,Tier 2 (Competitivo)
Spartak Moscow,27,26.037037037037038,1000.0,73.18518518518519,77.66666666666667,154275000,0,Tier 2 (Competitivo)
Spezia,28,25.0,2321.4285714285716,65.14285714285714,70.64285714285714,22340000,0,Tier 2 (Competitivo)
Sport Club do Recife,20,30.2,8750.0,69.4,69.4,32420000,0,Tier 2 (Competitivo)
Sporting CP,30,26.133333333333333,14866.666666666666,76.13333333333334,79.4,299225000,0,Tier 2 (Competitivo)
Sporting Kansas City,27,26.25925925925926,4148.148148148148,67.62962962962963,71.51851851851852,56350000,0,Tier 2 (Competitivo)
Sporting Lokeren,28,25.142857142857142,5535.714285714285,67.28571428571429,71.85714285714286,32840000,0,Tier 2 (Competitivo)
Sporting de Charleroi,28,25.035714285714285,6500.0,67.07142857142857,72.14285714285714,42325000,0,Tier 2 (Competitivo)
St. Johnstone FC,27,24.77777777777778,1814.8148148148148,61.851851851851855,67.85185185185185,12600000,0,Tier 2 (Competitivo)
St. Mirren,27,24.666666666666668,2259.259259259259,60.44444444444444,66.55555555555556,8560000,0,Tier 2 (Competitivo)
St. Patrick's Athletic,23,25.08695652173913,1000.0,57.78260869565217,63.0,3995000,0,Tier 2 (Competitivo)
Stabæk Fotball,27,22.074074074074073,1296.2962962962963,60.81481481481482,71.70370370370371,14740000,0,Tier 2 (Competitivo)
Stade Brestois 29,25,25.2,2960.0,65.52,70.28,21570000,0,Tier 2 (Competitivo)
Stade Malherbe Caen,28,25.214285714285715,13035.714285714286,69.32142857142857,73.82142857142857,87724999,0,Tier 2 (Competitivo)
Stade Rennais FC,27,24.555555555555557,19222.222222222223,71.51851851851852,76.96296296296296,131830000,0,Tier 2 (Competitivo)
Stade de Reims,29,24.551724137931036,8896.551724137931,67.37931034482759,72.6896551724138,60710000,0,Tier 2 (Competitivo)
Standard de Liège,28,24.928571428571427,10035.714285714286,70.46428571428571,75.14285714285714,98299999,0,Tier 2 (Competitivo)
Stevenage,28,24.035714285714285,1928.5714285714287,57.964285714285715,64.60714285714286,5490000,0,Tier 2 (Competitivo)
Stoke City,30,26.233333333333334,26066.666666666668,70.4,75.56666666666666,102799999,0,Tier 2 (Competitivo)
Strømsgodset IF,24,24.75,1541.6666666666667,63.291666666666664,68.41666666666667,15880000,0,Tier 2 (Competitivo)
Sunderland,28,24.392857142857142,4857.142857142857,64.85714285714286,70.96428571428571,23855000,0,Tier 2 (Competitivo)
Suwon Samsung Bluewings,27,27.296296296296298,3185.185185185185,66.22222222222223,68.85185185185185,25765000,0,Tier 2 (Competitivo)
Swansea City,30,24.1,13666.666666666666,68.43333333333334,75.53333333333333,73380000,0,Tier 3 (Formador)
Swindon Town,26,24.115384615384617,2538.4615384615386,59.11538461538461,65.07692307692308,6525000,0,Tier 2 (Competitivo)
Sydney FC,25,24.64,3080.0,62.72,69.08,18690000,0,Tier 2 (Competitivo)
SønderjyskE,27,25.25925925925926,2481.4814814814813,60.333333333333336,65.85185185185185,8420000,0,Tier 2 (Competitivo)
TSG 1899 Hoffenheim,33,23.696969696969695,24060.60606060606,73.03030303030303,79.18181818181819,264725000,0,Tier 3 (Formador)
TSV 1860 München,26,24.653846153846153,1769.2307692307693,62.0,65.8076923076923,10150000,0,Tier 2 (Competitivo)
TSV Hartberg,26,23.615384615384617,1769.2307692307693,60.73076923076923,66.53846153846153,8905000,0,Tier 2 (Competitivo)
Tianjin Quanjian FC,26,26.076923076923077,5192.307692307692,60.53846153846154,64.3076923076923,23065000,0,Tier 2 (Competitivo)
Tianjin TEDA FC,28,26.0,3071.4285714285716,59.285714285714285,62.857142857142854,19305000,0,Tier 2 (Competitivo)
Tiburones Rojos de Veracruz,28,26.571428571428573,3785.714285714286,64.46428571428571,68.32142857142857,21265000,0,Tier 2 (Competitivo)
Tigres U.A.N.L.,30,25.333333333333332,28400.0,69.5,74.23333333333333,113730000,0,Tier 2 (Competitivo)
Torino,26,25.346153846153847,28384.615384615383,73.3076923076923,78.07692307692308,191035000,0,Tier 1 (Élite)
Toronto FC,28,25.892857142857142,4142.857142857143,66.89285714285714,71.5,66140000,0,Tier 2 (Competitivo)
Tottenham Hotspur,33,24.606060606060606,79484.84848484848,76.6969696969697,82.06060606060606,618450000,5,Tier 1 (Élite)
Toulouse Football Club,31,23.64516129032258,15741.935483870968,70.12903225806451,76.41935483870968,112000000,0,Tier 3 (Formador)
Trabzonspor,28,26.25,15535.714285714286,69.42857142857143,72.85714285714286,78065000,0,Tier 2 (Competitivo)
Tranmere Rovers,27,24.40740740740741,1962.962962962963,58.074074074074076,64.07407407407408,5510000,0,Tier 2 (Competitivo)
Trelleborgs FF,27,24.25925925925926,1000.0,59.74074074074074,65.70370370370371,7225000,0,Tier 2 (Competitivo)
Tromsø IL,20,23.8,1300.0,62.7,70.55,10435000,0,Tier 2 (Competitivo)
U.N.A.M.,29,24.0,8034.482758620689,66.62068965517241,73.41379310344827,51735000,0,Tier 2 (Competitivo)
UD Almería,30,24.966666666666665,3533.3333333333335,65.66666666666667,71.03333333333333,25700000,0,Tier 2 (Competitivo)
UD Las Palmas,29,27.551724137931036,7931.0344827586205,70.0,72.86206896551724,62150000,0,Tier 2 (Competitivo)
US Cremonese,25,27.28,3560.0,66.56,69.92,23940000,0,Tier 2 (Competitivo)
US Orléans Loiret Football,25,25.48,1760.0,63.2,68.6,10810000,0,Tier 2 (Competitivo)
US Salernitana 1919,28,26.178571428571427,3857.1428571428573,67.42857142857143,71.03571428571429,33160000,0,Tier 2 (Competitivo)
Udinese,30,23.566666666666666,15600.0,71.8,78.46666666666667,153150000,0,Tier 3 (Formador)
Ulsan Hyundai FC,28,26.964285714285715,4214.285714285715,65.89285714285714,68.82142857142857,23460000,0,Tier 2 (Competitivo)
Universidad Católica,28,23.964285714285715,4321.428571428572,66.21428571428571,72.96428571428571,43665000,0,Tier 2 (Competitivo)
Universidad de Chile,28,26.821428571428573,6071.428571428572,68.64285714285714,72.85714285714286,43240000,0,Tier 2 (Competitivo)
Unión Española,28,23.714285714285715,1821.4285714285713,62.964285714285715,69.67857142857143,18495000,0,Tier 2 (Competitivo)
Unión La Calera,27,26.11111111111111,1592.5925925925926,63.96296296296296,68.29629629629629,15605000,0,Tier 2 (Competitivo)
Unión de Santa Fe,28,24.392857142857142,5857.142857142857,66.0,72.28571428571429,38255000,0,Tier 2 (Competitivo)
Urawa Red Diamonds,27,27.814814814814813,4666.666666666667,65.4074074074074,67.33333333333333,30790000,0,Tier 2 (Competitivo)
V-Varen Nagasaki,30,26.566666666666666,1200.0,60.333333333333336,63.56666666666667,9195000,0,Tier 2 (Competitivo)
VVV-Venlo,26,23.653846153846153,3769.230769230769,64.61538461538461,70.3076923076923,22985000,0,Tier 2 (Competitivo)
Valencia CF,33,23.060606060606062,28121.21212121212,74.6969696969697,81.45454545454545,394225000,0,Tier 3 (Formador)
Valenciennes FC,29,25.0,2793.103448275862,63.172413793103445,69.41379310344827,16450000,0,Tier 2 (Competitivo)
Vancouver Whitecaps FC,27,26.11111111111111,3777.777777777778,66.14814814814815,70.0,35675000,0,Tier 2 (Competitivo)
Vegalta Sendai,27,27.14814814814815,1481.4814814814815,62.111111111111114,64.22222222222223,10145000,0,Tier 2 (Competitivo)
Vejle Boldklub,27,22.185185185185187,1925.9259259259259,60.22222222222222,68.55555555555556,11815000,0,Tier 2 (Competitivo)
Vendsyssel FF,27,24.185185185185187,2259.259259259259,60.851851851851855,66.48148148148148,9680000,0,Tier 2 (Competitivo)
Venezia FC,28,26.392857142857142,2964.285714285714,65.39285714285714,69.75,23960000,0,Tier 2 (Competitivo)
VfB Stuttgart,26,24.807692307692307,21692.30769230769,72.5,77.84615384615384,157165000,0,Tier 2 (Competitivo)
VfL Bochum 1848,26,25.346153846153847,7653.846153846154,66.88461538461539,71.76923076923077,35685000,0,Tier 2 (Competitivo)
VfL Osnabrück,26,23.96153846153846,1500.0,62.07692307692308,68.11538461538461,11850000,0,Tier 2 (Competitivo)
VfL Sportfreunde Lotte,28,23.892857142857142,1071.4285714285713,61.92857142857143,67.32142857142857,10815000,0,Tier 2 (Competitivo)
VfL Wolfsburg,32,24.375,28375.0,72.625,78.4375,215580000,0,Tier 1 (Élite)
VfR Aalen,24,23.666666666666668,1041.6666666666667,62.5,68.95833333333333,10710000,0,Tier 2 (Competitivo)
Viktoria Plze?,24,27.958333333333332,1000.0,69.41666666666667,71.79166666666667,52770000,0,Tier 2 (Competitivo)
Villarreal CF,32,26.59375,24718.75,74.34375,78.03125,275699999,0,Tier 1 (Élite)
Vissel Kobe,30,27.266666666666666,2833.3333333333335,62.766666666666666,65.5,37455000,1,Tier 2 (Competitivo)
Vitesse,28,24.464285714285715,11357.142857142857,68.46428571428571,73.78571428571429,68340000,0,Tier 2 (Competitivo)
Vitória,20,30.0,8350.0,70.4,70.4,39675000,0,Tier 2 (Competitivo)
Vitória Guimarães,30,24.566666666666666,7266.666666666667,72.33333333333333,76.9,134374999,0,Tier 2 (Competitivo)
Vitória de Setúbal,28,25.392857142857142,4750.0,68.89285714285714,72.60714285714286,52850000,0,Tier 2 (Competitivo)
Vålerenga Fotball,26,23.192307692307693,1538.4615384615386,61.76923076923077,69.61538461538461,13165000,0,Tier 2 (Competitivo)
Vélez Sarsfield,28,23.214285714285715,4750.0,65.25,73.46428571428571,40920000,0,Tier 2 (Competitivo)
Waasland-Beveren,28,22.5,3714.285714285714,64.71428571428571,71.35714285714286,23025000,0,Tier 2 (Competitivo)
Walsall,27,23.814814814814813,2740.740740740741,63.370370370370374,69.37037037037037,15025000,0,Tier 2 (Competitivo)
Waterford FC,25,23.88,1080.0,57.2,64.8,5480000,0,Tier 2 (Competitivo)
Watford,29,25.482758620689655,34896.55172413793,72.34482758620689,77.17241379310344,169325000,0,Tier 1 (Élite)
Wellington Phoenix,21,25.38095238095238,1380.952380952381,62.19047619047619,66.66666666666667,9735000,0,Tier 2 (Competitivo)
West Bromwich Albion,30,25.8,17766.666666666668,69.53333333333333,74.66666666666667,87395000,0,Tier 2 (Competitivo)
West Ham United,32,25.4375,53750.0,73.09375,78.0625,255620000,0,Tier 1 (Élite)
Western Sydney Wanderers,25,24.08,2760.0,61.84,68.28,17515000,0,Tier 2 (Competitivo)
Wigan Athletic,30,24.533333333333335,17400.0,66.56666666666666,72.2,39279999,0,Tier 2 (Competitivo)
Willem II,28,22.678571428571427,4714.285714285715,65.28571428571429,71.78571428571429,33220000,0,Tier 2 (Competitivo)
Wis?a Kraków,26,24.5,2076.923076923077,62.46153846153846,69.1923076923077,14465000,0,Tier 2 (Competitivo)
Wis?a P?ock,26,24.115384615384617,1769.2307692307693,61.03846153846154,65.96153846153847,11210000,0,Tier 2 (Competitivo)
Wolfsberger AC,26,24.615384615384617,3000.0,61.53846153846154,67.46153846153847,10990000,0,Tier 2 (Competitivo)
Wolverhampton Wanderers,33,22.848484848484848,29151.515151515152,68.81818181818181,77.57575757575758,179740000,0,Tier 3 (Formador)
Wycombe Wanderers,25,27.4,2400.0,63.72,67.48,11030000,0,Tier 2 (Competitivo)
Yeni Malatyaspor,30,25.866666666666667,5433.333333333333,65.56666666666666,69.33333333333333,37420000,0,Tier 2 (Competitivo)
Yeovil Town,28,24.25,1857.142857142857,60.357142857142854,66.28571428571429,7980000,0,Tier 2 (Competitivo)
Yokohama F. Marinos,30,25.033333333333335,1866.6666666666667,61.53333333333333,66.3,17635000,0,Tier 2 (Competitivo)
Zag??bie Lubin,27,25.703703703703702,1814.8148148148148,62.629629629629626,65.88888888888889,11920000,0,Tier 2 (Competitivo)
Zag??bie Sosnowiec,25,26.24,1080.0,60.76,64.64,6815000,0,Tier 2 (Competitivo)
Çaykur Rizespor,30,25.433333333333334,6433.333333333333,66.9,71.66666666666667,51840000,0,Tier 2 (Competitivo)
Örebro SK,27,24.037037037037038,1481.4814814814815,60.48148148148148,66.51851851851852,10685000,0,Tier 2 (Competitivo)
Östersunds FK,22,23.863636363636363,2045.4545454545455,63.54545454545455,68.86363636363636,13180000,0,Tier 2 (Competitivo)
